"X","participant_id","option1","option2","option3","best_response","worst_response","best_rt","worst_rt","best","worst","run_id","section"
1,"sbj_blind_1","verde, lanterna","timone, coccodrillo","﻿anello, bidet",2,3,2355,1245,"timone, coccodrillo","﻿anello, bidet",1,"section 1"
2,"sbj_blind_1","succo, cassettiera","blu, ciliegio","pomodoro, ciliegio",3,1,1716,1441,"pomodoro, ciliegio","succo, cassettiera",1,"section 1"
3,"sbj_blind_1","cavolo, pomodoro","cucchiaio, blu","eccentrico, agenda",1,3,1960,1739,"cavolo, pomodoro","eccentrico, agenda",1,"section 1"
4,"sbj_blind_1","﻿anello, pidocchio","leone, bersaglio","lattuga, documento",1,3,2774,1073,"﻿anello, pidocchio","lattuga, documento",1,"section 1"
5,"sbj_blind_1","rana, bidet","verde, ciliegio","piatto, cassettiera",2,3,2284,1269,"verde, ciliegio","piatto, cassettiera",1,"section 1"
6,"sbj_blind_1","lavagna, succo","lattuga, bidet","coperta, timone",2,1,2912,1300,"lattuga, bidet","lavagna, succo",1,"section 1"
7,"sbj_blind_1","blu, sole","bidet, crostino","sole, ciliegio",3,2,3168,715,"sole, ciliegio","bidet, crostino",1,"section 1"
8,"sbj_blind_1","fiammifero, rana","forchetta, sole","eccentrico, equilibrio",3,1,2549,797,"eccentrico, equilibrio","fiammifero, rana",1,"section 1"
9,"sbj_blind_1","coperta, lattuga","menta, cassettiera","satellite, soglia",2,1,2363,778,"menta, cassettiera","coperta, lattuga",1,"section 1"
10,"sbj_blind_1","portafoglio, cavolo","pidocchio, cassettiera","coccodrillo, autorità",1,3,2474,1212,"portafoglio, cavolo","coccodrillo, autorità",1,"section 1"
11,"sbj_blind_1","panchina, appuntamento","gessetto, lavagna","fiammifero, appuntamento",2,3,1567,1418,"gessetto, lavagna","fiammifero, appuntamento",1,"section 1"
12,"sbj_blind_1","ciotola, lattuga","blu, sega","limone, posacenere",1,2,1928,662,"ciotola, lattuga","blu, sega",1,"section 1"
13,"sbj_blind_1","cuscino, pomodoro","giallo, mais","stuzzicadenti, eccentrico",2,3,2713,663,"giallo, mais","stuzzicadenti, eccentrico",1,"section 1"
14,"sbj_blind_1","pomodoro, sega","viola, bersaglio","lanterna, soglia",2,1,2195,519,"viola, bersaglio","pomodoro, sega",1,"section 1"
15,"sbj_blind_1","viola, limone","cucchiaio, portafoglio","lavagna, rosa",1,2,2801,897,"viola, limone","cucchiaio, portafoglio",1,"section 1"
16,"sbj_blind_1","lanterna, autorità","ciotola, spinaci","viola, eccentrico",2,1,2571,1109,"ciotola, spinaci","lanterna, autorità",1,"section 1"
17,"sbj_blind_1","stuzzicadenti, equilatero","agenda, appuntamento","giallo, menta",2,1,2089,737,"agenda, appuntamento","stuzzicadenti, equilatero",1,"section 1"
18,"sbj_blind_1","cavolo, damigiana","verde, rosa","portafoglio, succo",2,3,2469,528,"verde, rosa","portafoglio, succo",1,"section 1"
19,"sbj_blind_1","blu, lattuga","portafoglio, coccodrillo","mais, caramella",3,2,2200,672,"mais, caramella","portafoglio, coccodrillo",1,"section 1"
20,"sbj_blind_1","eccentrico, soglia","damigiana, satellite","stuzzicadenti, spinaci",2,1,2970,621,"damigiana, satellite","eccentrico, soglia",1,"section 1"
21,"sbj_blind_1","lanterna, panchina","braccialetto, cipolla","fiammifero, sega",1,3,2635,704,"lanterna, panchina","fiammifero, sega",1,"section 1"
22,"sbj_blind_1","panchina, caramella","timone, verde","succo, eccentrico",2,3,1887,573,"timone, verde","succo, eccentrico",1,"section 1"
23,"sbj_blind_1","caramella, damigiana","braccialetto, agenda","cavolo, lanterna",2,3,3029,1121,"braccialetto, agenda","cavolo, lanterna",1,"section 1"
24,"sbj_blind_1","penna, pidocchio","cipolla, sega","braccialetto, cucchiaio",2,3,2706,677,"cipolla, sega","braccialetto, cucchiaio",1,"section 1"
25,"sbj_blind_1","equilibrio, bersaglio","diario, autorità","rosa, mais",1,3,2263,493,"equilibrio, bersaglio","rosa, mais",1,"section 1"
26,"sbj_blind_1","panchina, agenda","blu, crostino","verde, viola",2,1,1893,1187,"blu, crostino","panchina, agenda",1,"section 1"
27,"sbj_blind_1","lattuga, soglia","rosa, cavolo","spremiagrumi, succo",3,1,1712,453,"spremiagrumi, succo","lattuga, soglia",1,"section 1"
28,"sbj_blind_1","cuscino, rosa","bersaglio, autostrada","fiammifero, documento",1,2,1812,534,"cuscino, rosa","bersaglio, autostrada",1,"section 1"
29,"sbj_blind_1","rosa, bersaglio","equilatero, appuntamento","blu, autostrada",1,3,3183,584,"rosa, bersaglio","blu, autostrada",1,"section 1"
30,"sbj_blind_1","penna, posacenere","gessetto, penna","verde, pidocchio",2,1,2129,624,"gessetto, penna","penna, posacenere",1,"section 1"
31,"sbj_blind_1","stuzzicadenti, satellite","giallo, bidet","eccentrico, bersaglio",3,2,1699,661,"eccentrico, bersaglio","giallo, bidet",1,"section 1"
32,"sbj_blind_1","menta, bidet","timone, autorità","penna, limone",3,1,2795,675,"penna, limone","menta, bidet",1,"section 1"
33,"sbj_blind_1","damigiana, ciliegio","bersaglio, documento","posacenere, equilibrio",3,1,2139,599,"posacenere, equilibrio","damigiana, ciliegio",1,"section 1"
34,"sbj_blind_1","braccialetto, satellite","mais, satellite","candela, lattuga",1,2,2451,708,"braccialetto, satellite","mais, satellite",1,"section 1"
35,"sbj_blind_1","rosa, menta","equilatero, damigiana","sole, documento",1,3,3147,504,"rosa, menta","sole, documento",1,"section 1"
36,"sbj_blind_1","fiammifero, rosa","cipolla, crostino","blu, panchina",2,3,2406,1270,"cipolla, crostino","blu, panchina",1,"section 1"
37,"sbj_blind_1","timone, rosa","fiammifero, lanterna","viola, rosa",3,1,1822,670,"viola, rosa","timone, rosa",1,"section 1"
38,"sbj_blind_1","lattuga, autorità","pomodoro, eccentrico","﻿anello, timone",3,1,1698,544,"﻿anello, timone","lattuga, autorità",1,"section 1"
39,"sbj_blind_1","gessetto, crostino","portafoglio, spremiagrumi","gessetto, damigiana",3,2,1550,502,"gessetto, damigiana","portafoglio, spremiagrumi",1,"section 1"
40,"sbj_blind_1","cipolla, leone","verde, succo","penna, verde",3,1,1255,1258,"penna, verde","cipolla, leone",1,"section 1"
41,"sbj_blind_1","﻿anello, succo","rana, autostrada","limone, caramella",3,1,2446,772,"limone, caramella","﻿anello, succo",1,"section 1"
42,"sbj_blind_1","coperta, bersaglio","giallo, rana","diario, piatto",2,3,1347,454,"giallo, rana","diario, piatto",1,"section 1"
43,"sbj_blind_1","eccentrico, autostrada","penna, bersaglio","spinaci, pidocchio",2,3,1972,538,"penna, bersaglio","spinaci, pidocchio",1,"section 1"
44,"sbj_blind_1","blu, soglia","rana, equilibrio","coccodrillo, crostino",1,2,2297,608,"blu, soglia","rana, equilibrio",1,"section 1"
45,"sbj_blind_1","succo, ciliegio","piatto, cavolo","cuscino, equilatero",2,3,2438,645,"piatto, cavolo","cuscino, equilatero",1,"section 1"
46,"sbj_blind_1","mais, mappa","timone, spremiagrumi","timone, satellite",3,1,1567,990,"timone, satellite","mais, mappa",1,"section 1"
47,"sbj_blind_1","rosa, sole","fiammifero, lattuga","spinaci, damigiana",3,1,2645,740,"spinaci, damigiana","rosa, sole",1,"section 1"
48,"sbj_blind_1","eccentrico, pidocchio","forchetta, spinaci","giallo, cassettiera",2,1,1287,687,"forchetta, spinaci","eccentrico, pidocchio",1,"section 1"
49,"sbj_blind_1","cuscino, ciliegio","crostino, equilibrio","piatto, spremiagrumi",3,1,1358,986,"piatto, spremiagrumi","cuscino, ciliegio",1,"section 1"
50,"sbj_blind_1","menta, equilatero","lanterna, documento","mappa, libreria",3,1,2147,369,"mappa, libreria","menta, equilatero",1,"section 1"
51,"sbj_blind_1","forchetta, eccentrico","piatto, crostino","piatto, panchina",2,3,1904,820,"piatto, crostino","piatto, panchina",1,"section 1"
52,"sbj_blind_1","lanterna, mappa","bidet, bersaglio","succo, pomodoro",3,2,2204,1494,"succo, pomodoro","bidet, bersaglio",1,"section 1"
53,"sbj_blind_1","coperta, documento","satellite, documento","verde, rana",2,1,3239,1250,"satellite, documento","coperta, documento",1,"section 1"
54,"sbj_blind_1","giallo, spinaci","verde, documento","mais, equilibrio",1,3,2314,633,"giallo, spinaci","mais, equilibrio",1,"section 1"
55,"sbj_blind_1","limone, lanterna","braccialetto, rosa","equilatero, pidocchio",2,3,2364,463,"braccialetto, rosa","equilatero, pidocchio",1,"section 1"
56,"sbj_blind_1","fiammifero, penna","forchetta, bersaglio","piatto, coccodrillo",1,2,2399,497,"fiammifero, penna","forchetta, bersaglio",1,"section 1"
57,"sbj_blind_1","braccialetto, panchina","succo, agenda","rana, documento",2,3,3117,900,"succo, agenda","rana, documento",1,"section 1"
58,"sbj_blind_1","fiammifero, stuzzicadenti","gessetto, limone","crostino, bersaglio",1,3,3251,672,"fiammifero, stuzzicadenti","crostino, bersaglio",1,"section 1"
59,"sbj_blind_1","rana, sega","leone, eccentrico","crostino, damigiana",3,1,2698,711,"crostino, damigiana","rana, sega",1,"section 1"
60,"sbj_blind_1","cavolo, bersaglio","stuzzicadenti, cavolo","equilibrio, autostrada",2,1,1663,933,"stuzzicadenti, cavolo","cavolo, bersaglio",1,"section 1"
61,"sbj_blind_1","limone, pidocchio","braccialetto, eccentrico","agenda, cassettiera",3,1,2160,581,"agenda, cassettiera","limone, pidocchio",1,"section 1"
62,"sbj_blind_1","ciotola, eccentrico","diario, timone","﻿anello, verde",3,1,2604,994,"﻿anello, verde","ciotola, eccentrico",1,"section 1"
63,"sbj_blind_1","cucchiaio, lavagna","ciotola, gessetto","diario, menta",2,1,2365,659,"ciotola, gessetto","cucchiaio, lavagna",1,"section 1"
64,"sbj_blind_1","pomodoro, caramella","blu, lanterna","spinaci, panchina",1,3,1422,456,"pomodoro, caramella","spinaci, panchina",1,"section 1"
65,"sbj_blind_1","rana, agenda","forchetta, rosa","stuzzicadenti, soglia",3,1,2700,922,"stuzzicadenti, soglia","rana, agenda",1,"section 1"
66,"sbj_blind_1","timone, giallo","cuscino, timone","stuzzicadenti, bidet",1,3,1804,355,"timone, giallo","stuzzicadenti, bidet",1,"section 1"
67,"sbj_blind_1","rosa, eccentrico","﻿anello, appuntamento","fiammifero, satellite",2,3,2182,338,"﻿anello, appuntamento","fiammifero, satellite",1,"section 1"
68,"sbj_blind_1","forchetta, cipolla","diario, sega","spremiagrumi, posacenere",1,3,2528,437,"forchetta, cipolla","spremiagrumi, posacenere",1,"section 1"
69,"sbj_blind_1","ciotola, equilibrio","coperta, leone","cipolla, documento",1,2,2910,368,"ciotola, equilibrio","coperta, leone",1,"section 1"
70,"sbj_blind_1","braccialetto, fiammifero","rana, eccentrico","libreria, cassettiera",3,2,1517,516,"libreria, cassettiera","rana, eccentrico",1,"section 1"
71,"sbj_blind_1","lavagna, penna","cipolla, eccentrico","ciliegio, autorità",2,1,2420,335,"cipolla, eccentrico","lavagna, penna",1,"section 1"
72,"sbj_blind_1","﻿anello, fiammifero","forchetta, crostino","pidocchio, satellite",2,3,2528,372,"forchetta, crostino","pidocchio, satellite",1,"section 1"
73,"sbj_blind_1","panchina, bidet","gessetto, bidet","﻿anello, menta",3,1,2391,374,"﻿anello, menta","panchina, bidet",1,"section 1"
74,"sbj_blind_1","cipolla, caramella","lavagna, eccentrico","cucchiaio, mappa",1,3,1751,386,"cipolla, caramella","cucchiaio, mappa",1,"section 1"
75,"sbj_blind_1","candela, equilibrio","rosa, leone","﻿anello, coperta",2,3,2293,672,"rosa, leone","﻿anello, coperta",1,"section 1"
76,"sbj_blind_1","ciotola, giallo","stuzzicadenti, appuntamento","ciotola, timone",1,2,2002,423,"ciotola, giallo","stuzzicadenti, appuntamento",1,"section 1"
77,"sbj_blind_1","cucchiaio, cuscino","limone, ciliegio","ciotola, piatto",3,1,3110,391,"ciotola, piatto","cucchiaio, cuscino",1,"section 1"
78,"sbj_blind_1","lanterna, caramella","cavolo, bidet","penna, coccodrillo",3,1,2425,315,"penna, coccodrillo","lanterna, caramella",1,"section 1"
79,"sbj_blind_1","forchetta, blu","﻿anello, cavolo","﻿anello, penna",2,1,3473,453,"﻿anello, cavolo","forchetta, blu",1,"section 1"
80,"sbj_blind_1","ciotola, blu","stuzzicadenti, mappa","gessetto, giallo",3,2,1439,526,"gessetto, giallo","stuzzicadenti, mappa",1,"section 1"
81,"sbj_blind_1","viola, mappa","lavagna, panchina","gessetto, mais",2,3,1724,435,"lavagna, panchina","gessetto, mais",1,"section 1"
82,"sbj_blind_1","caramella, bersaglio","blu, menta","posacenere, sega",2,1,2158,310,"blu, menta","caramella, bersaglio",1,"section 1"
83,"sbj_blind_1","coperta, spremiagrumi","﻿anello, giallo","equilibrio, autorità",3,2,2095,793,"equilibrio, autorità","﻿anello, giallo",1,"section 1"
84,"sbj_blind_1","﻿anello, forchetta","forchetta, documento","gessetto, pidocchio",3,2,3368,540,"gessetto, pidocchio","forchetta, documento",1,"section 1"
85,"sbj_blind_1","viola, succo","sole, cipolla","candela, mais",1,2,2592,506,"viola, succo","sole, cipolla",1,"section 1"
86,"sbj_blind_1","braccialetto, cassettiera","braccialetto, cuscino","lattuga, equilibrio",2,1,1814,30,"braccialetto, cuscino","braccialetto, cassettiera",1,"section 1"
87,"sbj_blind_1","forchetta, sega","rana, ciliegio","coccodrillo, pidocchio",3,1,2251,796,"coccodrillo, pidocchio","forchetta, sega",1,"section 1"
88,"sbj_blind_1","menta, mais","spinaci, autostrada","stuzzicadenti, limone",3,2,1571,1641,"stuzzicadenti, limone","spinaci, autostrada",1,"section 1"
89,"sbj_blind_1","giallo, succo","portafoglio, mappa","sole, sega",2,3,2800,1513,"portafoglio, mappa","sole, sega",1,"section 1"
90,"sbj_blind_1","giallo, autorità","lavagna, pomodoro","menta, leone",3,2,2904,1493,"menta, leone","lavagna, pomodoro",1,"section 1"
91,"sbj_blind_1","equilatero, equilibrio","coperta, diario","coperta, succo",2,3,2218,857,"coperta, diario","coperta, succo",1,"section 1"
92,"sbj_blind_1","libreria, autorità","coccodrillo, satellite","fiammifero, equilatero",1,3,2122,306,"libreria, autorità","fiammifero, equilatero",1,"section 1"
93,"sbj_blind_1","panchina, ciliegio","menta, satellite","stuzzicadenti, damigiana",3,1,2474,1014,"stuzzicadenti, damigiana","panchina, ciliegio",1,"section 1"
94,"sbj_blind_1","lavagna, portafoglio","autostrada, soglia","piatto, giallo",3,1,2017,353,"piatto, giallo","lavagna, portafoglio",1,"section 1"
95,"sbj_blind_1","timone, rana","forchetta, lattuga","cuscino, damigiana",2,3,2396,541,"forchetta, lattuga","cuscino, damigiana",1,"section 1"
96,"sbj_blind_1","coccodrillo, documento","menta, damigiana","ciliegio, satellite",2,1,3096,676,"menta, damigiana","coccodrillo, documento",1,"section 1"
97,"sbj_blind_1","viola, equilibrio","forchetta, panchina","spremiagrumi, panchina",1,3,2647,847,"viola, equilibrio","spremiagrumi, panchina",1,"section 1"
98,"sbj_blind_1","verde, coccodrillo","forchetta, limone","﻿anello, caramella",1,3,3075,348,"verde, coccodrillo","﻿anello, caramella",1,"section 1"
99,"sbj_blind_1","piatto, sega","lattuga, coccodrillo","coperta, damigiana",2,1,1391,265,"lattuga, coccodrillo","piatto, sega",1,"section 1"
100,"sbj_blind_1","ciotola, mais","lattuga, caramella","leone, equilibrio",2,3,2349,562,"lattuga, caramella","leone, equilibrio",1,"section 1"
101,"sbj_blind_1","viola, documento","forchetta, caramella","eccentrico, mappa",3,2,2070,673,"eccentrico, mappa","forchetta, caramella",1,"section 1"
102,"sbj_blind_1","cuscino, diario","lavagna, lattuga","candela, timone",1,2,3368,421,"cuscino, diario","lavagna, lattuga",1,"section 1"
103,"sbj_blind_1","forchetta, succo","piatto, lattuga","diario, equilatero",2,1,1259,289,"piatto, lattuga","forchetta, succo",1,"section 1"
104,"sbj_blind_1","penna, cipolla","penna, cassettiera","piatto, menta",2,1,2170,242,"penna, cassettiera","penna, cipolla",1,"section 1"
105,"sbj_blind_1","posacenere, panchina","limone, panchina","spinaci, satellite",3,1,3124,264,"spinaci, satellite","posacenere, panchina",1,"section 1"
106,"sbj_blind_1","portafoglio, sole","giallo, agenda","penna, equilibrio",2,3,3356,1600,"giallo, agenda","penna, equilibrio",1,"section 1"
107,"sbj_blind_1","giallo, lattuga","gessetto, cassettiera","verde, lattuga",3,1,2094,344,"verde, lattuga","giallo, lattuga",1,"section 1"
108,"sbj_blind_1","satellite, appuntamento","giallo, blu","cavolo, appuntamento",2,3,2046,610,"giallo, blu","cavolo, appuntamento",1,"section 1"
109,"sbj_blind_1","mais, rana","braccialetto, ciotola","pomodoro, cassettiera",1,3,1645,294,"mais, rana","pomodoro, cassettiera",1,"section 1"
110,"sbj_blind_1","eccentrico, cassettiera","viola, rana","ciotola, diario",2,1,1372,341,"viola, rana","eccentrico, cassettiera",1,"section 1"
111,"sbj_blind_1","braccialetto, blu","damigiana, documento","braccialetto, lanterna",1,2,1370,344,"braccialetto, blu","damigiana, documento",1,"section 1"
112,"sbj_blind_1","fiammifero, succo","menta, lattuga","gessetto, equilatero",2,1,1962,713,"menta, lattuga","fiammifero, succo",1,"section 1"
113,"sbj_blind_1","sole, lattuga","timone, caramella","mappa, appuntamento",3,1,1415,337,"mappa, appuntamento","sole, lattuga",1,"section 1"
114,"sbj_blind_1","timone, equilibrio","lattuga, posacenere","piatto, mais",3,1,1131,298,"piatto, mais","timone, equilibrio",1,"section 1"
115,"sbj_blind_1","stuzzicadenti, ciliegio","menta, libreria","lavagna, soglia",1,3,1936,322,"stuzzicadenti, ciliegio","lavagna, soglia",1,"section 1"
116,"sbj_blind_1","lavagna, mais","ciotola, soglia","cavolo, rana",2,1,2095,997,"ciotola, soglia","lavagna, mais",1,"section 1"
117,"sbj_blind_1","pomodoro, agenda","candela, panchina","piatto, damigiana",2,1,1327,1814,"candela, panchina","pomodoro, agenda",1,"section 1"
118,"sbj_blind_1","stuzzicadenti, panchina","menta, bersaglio","ciotola, spremiagrumi",3,1,1623,413,"ciotola, spremiagrumi","stuzzicadenti, panchina",1,"section 1"
119,"sbj_blind_1","giallo, viola","braccialetto, pomodoro","pidocchio, documento",1,3,1326,556,"giallo, viola","pidocchio, documento",1,"section 1"
120,"sbj_blind_1","lanterna, ciliegio","ciotola, succo","panchina, damigiana",2,1,2687,507,"ciotola, succo","lanterna, ciliegio",2,"section 2"
121,"sbj_blind_1","libreria, autostrada","fiammifero, verde","documento, autorità",3,2,1676,1157,"documento, autorità","fiammifero, verde",2,"section 2"
122,"sbj_blind_1","libreria, equilibrio","pidocchio, autostrada","sega, cassettiera",3,2,2654,449,"sega, cassettiera","pidocchio, autostrada",2,"section 2"
123,"sbj_blind_1","stuzzicadenti, sega","braccialetto, autorità","viola, pidocchio",3,1,2996,248,"viola, pidocchio","stuzzicadenti, sega",2,"section 2"
124,"sbj_blind_1","cuscino, menta","piatto, spinaci","spremiagrumi, autostrada",2,3,882,362,"piatto, spinaci","spremiagrumi, autostrada",2,"section 2"
125,"sbj_blind_1","coperta, cucchiaio","﻿anello, autorità","﻿anello, lanterna",1,3,3649,571,"coperta, cucchiaio","﻿anello, lanterna",2,"section 2"
126,"sbj_blind_1","rana, leone","piatto, satellite","cipolla, pidocchio",1,3,1735,421,"rana, leone","cipolla, pidocchio",2,"section 2"
127,"sbj_blind_1","posacenere, cassettiera","caramella, soglia","diario, soglia",2,1,1293,493,"caramella, soglia","posacenere, cassettiera",2,"section 2"
128,"sbj_blind_1","posacenere, equilatero","cucchiaio, leone","pomodoro, cipolla",3,1,1242,413,"pomodoro, cipolla","posacenere, equilatero",2,"section 2"
129,"sbj_blind_1","posacenere, documento","rosa, limone","spinaci, crostino",3,1,3079,972,"spinaci, crostino","posacenere, documento",2,"section 2"
130,"sbj_blind_1","portafoglio, lattuga","fiammifero, pidocchio","caramella, agenda",3,1,3552,375,"caramella, agenda","portafoglio, lattuga",2,"section 2"
131,"sbj_blind_1","timone, bidet","candela, pomodoro","gessetto, leone",2,1,2825,333,"candela, pomodoro","timone, bidet",2,"section 2"
132,"sbj_blind_1","portafoglio, posacenere","candela, forchetta","spinaci, autorità",2,3,2186,296,"candela, forchetta","spinaci, autorità",2,"section 2"
133,"sbj_blind_1","crostino, caramella","ciotola, viola","cipolla, autorità",2,3,1839,477,"ciotola, viola","cipolla, autorità",2,"section 2"
134,"sbj_blind_1","rosa, mappa","menta, equilibrio","pomodoro, equilatero",1,3,2490,454,"rosa, mappa","pomodoro, equilatero",2,"section 2"
135,"sbj_blind_1","blu, mais","rosa, ciliegio","giallo, rosa",3,1,1686,511,"giallo, rosa","blu, mais",2,"section 2"
136,"sbj_blind_1","gessetto, autostrada","portafoglio, sega","menta, lanterna",3,1,2635,258,"menta, lanterna","gessetto, autostrada",2,"section 2"
137,"sbj_blind_1","ciotola, forchetta","spinaci, bersaglio","coperta, giallo",2,3,2112,560,"spinaci, bersaglio","coperta, giallo",2,"section 2"
138,"sbj_blind_1","diario, damigiana","viola, satellite","ciliegio, libreria",3,1,2589,628,"ciliegio, libreria","diario, damigiana",2,"section 2"
139,"sbj_blind_1","portafoglio, appuntamento","bidet, caramella","equilibrio, cassettiera",1,3,2577,1016,"portafoglio, appuntamento","equilibrio, cassettiera",2,"section 2"
140,"sbj_blind_1","sega, autostrada","menta, autorità","cucchiaio, posacenere",3,2,2951,706,"cucchiaio, posacenere","menta, autorità",2,"section 2"
141,"sbj_blind_1","gessetto, documento","braccialetto, viola","coperta, rana",2,3,2349,343,"braccialetto, viola","coperta, rana",2,"section 2"
142,"sbj_blind_1","cipolla, cassettiera","ciliegio, autostrada","verde, mappa",3,1,3731,330,"verde, mappa","cipolla, cassettiera",2,"section 2"
143,"sbj_blind_1","mais, appuntamento","lavagna, appuntamento","timone, cassettiera",2,1,1859,1175,"lavagna, appuntamento","mais, appuntamento",2,"section 2"
144,"sbj_blind_1","timone, eccentrico","timone, panchina","succo, equilibrio",1,3,1519,528,"timone, eccentrico","succo, equilibrio",2,"section 2"
145,"sbj_blind_1","forchetta, pomodoro","ciotola, verde","﻿anello, cassettiera",2,3,1077,340,"ciotola, verde","﻿anello, cassettiera",2,"section 2"
146,"sbj_blind_1","mappa, bersaglio","spremiagrumi, libreria","posacenere, lanterna",3,1,1907,414,"posacenere, lanterna","mappa, bersaglio",2,"section 2"
147,"sbj_blind_1","rosa, pidocchio","sole, bidet","timone, sole",3,1,1712,792,"timone, sole","rosa, pidocchio",2,"section 2"
148,"sbj_blind_1","panchina, autorità","sole, autostrada","diario, spinaci",2,3,2792,337,"sole, autostrada","diario, spinaci",2,"section 2"
149,"sbj_blind_1","viola, soglia","cuscino, bidet","limone, sole",3,1,1796,299,"limone, sole","viola, soglia",2,"section 2"
150,"sbj_blind_1","cavolo, pidocchio","cavolo, autostrada","braccialetto, candela",1,3,1142,385,"cavolo, pidocchio","braccialetto, candela",2,"section 2"
151,"sbj_blind_1","sole, mappa","penna, blu","candela, viola",2,1,2893,1323,"penna, blu","sole, mappa",2,"section 2"
152,"sbj_blind_1","caramella, autorità","limone, spremiagrumi","rosa, succo",2,1,893,366,"limone, spremiagrumi","caramella, autorità",2,"section 2"
153,"sbj_blind_1","menta, documento","cucchiaio, equilatero","equilatero, caramella",2,1,2277,219,"cucchiaio, equilatero","menta, documento",2,"section 2"
154,"sbj_blind_1","sega, bersaglio","braccialetto, lattuga","candela, sole",3,1,658,294,"candela, sole","sega, bersaglio",2,"section 2"
155,"sbj_blind_1","piatto, limone","verde, giallo","piatto, agenda",2,3,1699,379,"verde, giallo","piatto, agenda",2,"section 2"
156,"sbj_blind_1","lavagna, crostino","sega, agenda","spremiagrumi, bersaglio",2,1,3661,275,"sega, agenda","lavagna, crostino",2,"section 2"
157,"sbj_blind_1","cuscino, gessetto","verde, agenda","stuzzicadenti, equilibrio",2,3,1171,968,"verde, agenda","stuzzicadenti, equilibrio",2,"section 2"
158,"sbj_blind_1","piatto, appuntamento","fiammifero, coccodrillo","fiammifero, timone",2,3,3140,897,"fiammifero, coccodrillo","fiammifero, timone",2,"section 2"
159,"sbj_blind_1","cucchiaio, agenda","candela, leone","spinaci, equilatero",2,1,2847,376,"candela, leone","cucchiaio, agenda",2,"section 2"
160,"sbj_blind_1","fiammifero, caramella","portafoglio, spinaci","coperta, equilatero",2,3,1969,805,"portafoglio, spinaci","coperta, equilatero",2,"section 2"
161,"sbj_blind_1","candela, sega","portafoglio, bidet","stuzzicadenti, pomodoro",2,3,1719,1325,"portafoglio, bidet","stuzzicadenti, pomodoro",2,"section 2"
162,"sbj_blind_1","gessetto, sole","mais, equilatero","verde, cavolo",3,2,3174,863,"verde, cavolo","mais, equilatero",2,"section 2"
163,"sbj_blind_1","candela, autostrada","viola, mais","cuscino, sega",2,3,2356,571,"viola, mais","cuscino, sega",2,"section 2"
164,"sbj_blind_1","piatto, autostrada","portafoglio, limone","penna, agenda",3,2,1954,1083,"penna, agenda","portafoglio, limone",2,"section 2"
165,"sbj_blind_1","giallo, ciliegio","braccialetto, portafoglio","gessetto, portafoglio",1,3,2534,573,"giallo, ciliegio","gessetto, portafoglio",2,"section 2"
166,"sbj_blind_1","﻿anello, stuzzicadenti","viola, caramella","autorità, cassettiera",3,1,909,371,"autorità, cassettiera","﻿anello, stuzzicadenti",2,"section 2"
167,"sbj_blind_1","fiammifero, equilibrio","braccialetto, spinaci","stuzzicadenti, viola",3,2,2656,1281,"stuzzicadenti, viola","braccialetto, spinaci",2,"section 2"
168,"sbj_blind_1","rosa, spremiagrumi","spinaci, agenda","cucchiaio, fiammifero",1,3,1942,378,"rosa, spremiagrumi","cucchiaio, fiammifero",2,"section 2"
169,"sbj_blind_1","cucchiaio, spremiagrumi","rana, coccodrillo","bersaglio, cassettiera",1,3,1463,335,"cucchiaio, spremiagrumi","bersaglio, cassettiera",2,"section 2"
170,"sbj_blind_1","giallo, pidocchio","rosa, panchina","lattuga, sega",2,3,1853,1245,"rosa, panchina","lattuga, sega",2,"section 2"
171,"sbj_blind_1","coccodrillo, caramella","stuzzicadenti, spremiagrumi","posacenere, mappa",1,3,2359,323,"coccodrillo, caramella","posacenere, mappa",2,"section 2"
172,"sbj_blind_1","posacenere, bersaglio","braccialetto, equilatero","sole, panchina",3,1,1857,608,"sole, panchina","posacenere, bersaglio",2,"section 2"
173,"sbj_blind_1","gessetto, rosa","penna, piatto","coccodrillo, eccentrico",2,3,1690,1587,"penna, piatto","coccodrillo, eccentrico",2,"section 2"
174,"sbj_blind_1","diario, ciliegio","spinaci, lanterna","pomodoro, damigiana",3,2,2086,1426,"pomodoro, damigiana","spinaci, lanterna",2,"section 2"
175,"sbj_blind_1","blu, limone","posacenere, eccentrico","lavagna, pidocchio",2,3,2310,1080,"posacenere, eccentrico","lavagna, pidocchio",2,"section 2"
176,"sbj_blind_1","coperta, cassettiera","spinaci, bidet","cuscino, rana",1,3,1894,683,"coperta, cassettiera","cuscino, rana",2,"section 2"
177,"sbj_blind_1","cavolo, satellite","﻿anello, agenda","penna, mais",2,3,2081,1155,"﻿anello, agenda","penna, mais",2,"section 2"
178,"sbj_blind_1","verde, cipolla","cavolo, equilibrio","caramella, pidocchio",1,3,2781,842,"verde, cipolla","caramella, pidocchio",2,"section 2"
179,"sbj_blind_1","blu, rosa","verde, appuntamento","forchetta, menta",1,2,1757,1320,"blu, rosa","verde, appuntamento",2,"section 2"
180,"sbj_blind_1","mais, bidet","mappa, equilibrio","candela, diario",2,3,2535,1023,"mappa, equilibrio","candela, diario",2,"section 2"
181,"sbj_blind_1","ciotola, rosa","cuscino, forchetta","spremiagrumi, cipolla",1,2,2187,1268,"ciotola, rosa","cuscino, forchetta",2,"section 2"
182,"sbj_blind_1","blu, damigiana","﻿anello, piatto","candela, soglia",1,3,2472,987,"blu, damigiana","candela, soglia",2,"section 2"
183,"sbj_blind_1","candela, gessetto","piatto, stuzzicadenti","coccodrillo, leone",3,1,1802,1462,"coccodrillo, leone","candela, gessetto",2,"section 2"
184,"sbj_blind_1","pidocchio, damigiana","limone, lattuga","cuscino, posacenere",2,3,1502,603,"limone, lattuga","cuscino, posacenere",2,"section 2"
185,"sbj_blind_1","stuzzicadenti, crostino","cucchiaio, pidocchio","coperta, ciliegio",1,3,1942,1127,"stuzzicadenti, crostino","coperta, ciliegio",2,"section 2"
186,"sbj_blind_1","candela, lavagna","cucchiaio, piatto","cuscino, portafoglio",2,1,2029,818,"cucchiaio, piatto","candela, lavagna",2,"section 2"
187,"sbj_blind_1","sega, mappa","succo, sole","coccodrillo, cassettiera",2,1,2840,2117,"succo, sole","sega, mappa",2,"section 2"
188,"sbj_blind_1","verde, soglia","damigiana, equilibrio","verde, libreria",3,2,1663,1574,"verde, libreria","damigiana, equilibrio",2,"section 2"
189,"sbj_blind_1","cipolla, libreria","succo, spinaci","lavagna, autorità",2,3,2138,1273,"succo, spinaci","lavagna, autorità",2,"section 2"
190,"sbj_blind_1","verde, equilatero","verde, blu","lattuga, agenda",2,3,1371,699,"verde, blu","lattuga, agenda",2,"section 2"
191,"sbj_blind_1","penna, pomodoro","giallo, limone","sole, autorità",2,3,1795,743,"giallo, limone","sole, autorità",2,"section 2"
192,"sbj_blind_1","gessetto, agenda","cuscino, equilibrio","ciotola, autostrada",1,3,501,376,"gessetto, agenda","ciotola, autostrada",2,"section 2"
193,"sbj_blind_1","succo, caramella","coperta, libreria","eccentrico, libreria",1,3,2038,679,"succo, caramella","eccentrico, libreria",2,"section 2"
194,"sbj_blind_1","diario, cavolo","lattuga, equilatero","lavagna, coccodrillo",2,3,2706,581,"lattuga, equilatero","lavagna, coccodrillo",2,"section 2"
195,"sbj_blind_1","coperta, mappa","lavagna, posacenere","sole, agenda",2,1,2816,387,"lavagna, posacenere","coperta, mappa",2,"section 2"
196,"sbj_blind_1","spinaci, coccodrillo","coperta, panchina","gessetto, sega",1,3,2151,489,"spinaci, coccodrillo","gessetto, sega",2,"section 2"
197,"sbj_blind_1","timone, ciliegio","giallo, coccodrillo","coperta, limone",2,3,2493,726,"giallo, coccodrillo","coperta, limone",2,"section 2"
198,"sbj_blind_1","﻿anello, libreria","rosa, libreria","coccodrillo, posacenere",2,3,2077,745,"rosa, libreria","coccodrillo, posacenere",2,"section 2"
199,"sbj_blind_1","mais, cassettiera","lanterna, damigiana","spremiagrumi, autorità",1,3,2214,385,"mais, cassettiera","spremiagrumi, autorità",2,"section 2"
200,"sbj_blind_1","verde, spremiagrumi","verde, caramella","cuscino, cavolo",1,3,1162,869,"verde, spremiagrumi","cuscino, cavolo",2,"section 2"
201,"sbj_blind_1","timone, cipolla","ciotola, posacenere","giallo, sole",3,1,1488,668,"giallo, sole","timone, cipolla",2,"section 2"
202,"sbj_blind_1","mais, coccodrillo","candela, caramella","lavagna, piatto",1,3,1905,762,"mais, coccodrillo","lavagna, piatto",2,"section 2"
203,"sbj_blind_1","lavagna, leone","penna, cavolo","fiammifero, ciliegio",1,3,2228,549,"lavagna, leone","fiammifero, ciliegio",2,"section 2"
204,"sbj_blind_1","braccialetto, stuzzicadenti","fiammifero, lavagna","portafoglio, satellite",2,3,1725,386,"fiammifero, lavagna","portafoglio, satellite",2,"section 2"
205,"sbj_blind_1","caramella, cassettiera","candela, libreria","spinaci, equilibrio",2,1,2316,571,"candela, libreria","caramella, cassettiera",2,"section 2"
206,"sbj_blind_1","viola, sole","viola, lattuga","sole, equilibrio",2,3,1557,648,"viola, lattuga","sole, equilibrio",2,"section 2"
207,"sbj_blind_1","viola, menta","leone, documento","penna, appuntamento",3,2,1798,1152,"penna, appuntamento","leone, documento",2,"section 2"
208,"sbj_blind_1","menta, posacenere","﻿anello, braccialetto","lavagna, sega",2,3,1489,344,"﻿anello, braccialetto","lavagna, sega",2,"section 2"
209,"sbj_blind_1","bersaglio, appuntamento","rana, posacenere","stuzzicadenti, mais",2,3,2599,815,"rana, posacenere","stuzzicadenti, mais",2,"section 2"
210,"sbj_blind_1","forchetta, satellite","diario, mappa","blu, appuntamento",2,1,1644,331,"diario, mappa","forchetta, satellite",2,"section 2"
211,"sbj_blind_1","eccentrico, panchina","﻿anello, gessetto","rosa, spinaci",2,3,2507,481,"﻿anello, gessetto","rosa, spinaci",2,"section 2"
212,"sbj_blind_1","spinaci, rana","lattuga, libreria","posacenere, appuntamento",1,3,2349,414,"spinaci, rana","posacenere, appuntamento",2,"section 2"
213,"sbj_blind_1","piatto, viola","portafoglio, ciliegio","giallo, documento",1,3,1675,1589,"piatto, viola","giallo, documento",2,"section 2"
214,"sbj_blind_1","mappa, documento","viola, lanterna","cucchiaio, bersaglio",1,2,2462,510,"mappa, documento","viola, lanterna",2,"section 2"
215,"sbj_blind_1","equilibrio, documento","cuscino, penna","cuscino, crostino",2,1,2145,560,"cuscino, penna","equilibrio, documento",2,"section 2"
216,"sbj_blind_1","fiammifero, pomodoro","diario, coccodrillo","succo, sega",1,2,3702,1781,"fiammifero, pomodoro","diario, coccodrillo",2,"section 2"
217,"sbj_blind_1","viola, autostrada","blu, spinaci","spinaci, soglia",3,1,2163,710,"spinaci, soglia","viola, autostrada",2,"section 2"
218,"sbj_blind_1","mappa, autorità","panchina, pidocchio","﻿anello, lattuga",2,1,2566,369,"panchina, pidocchio","mappa, autorità",2,"section 2"
219,"sbj_blind_1","braccialetto, mais","ciotola, coccodrillo","﻿anello, viola",3,2,1683,1662,"﻿anello, viola","ciotola, coccodrillo",2,"section 2"
220,"sbj_blind_1","lattuga, pomodoro","cucchiaio, spinaci","agenda, autorità",1,3,1144,293,"lattuga, pomodoro","agenda, autorità",2,"section 2"
221,"sbj_blind_1","lavagna, bidet","cuscino, sole","fiammifero, cipolla",3,2,2886,1389,"fiammifero, cipolla","cuscino, sole",2,"section 2"
222,"sbj_blind_1","ciotola, sole","candela, documento","coperta, appuntamento",2,3,2195,691,"candela, documento","coperta, appuntamento",2,"section 2"
223,"sbj_blind_1","gessetto, blu","ciotola, sega","cucchiaio, cipolla",1,2,2031,386,"gessetto, blu","ciotola, sega",2,"section 2"
224,"sbj_blind_1","candela, menta","diario, pidocchio","sega, documento",1,3,2093,1092,"candela, menta","sega, documento",2,"section 2"
225,"sbj_blind_1","timone, libreria","portafoglio, cassettiera","pidocchio, appuntamento",1,3,2792,513,"timone, libreria","pidocchio, appuntamento",2,"section 2"
226,"sbj_blind_1","limone, bersaglio","cucchiaio, sega","succo, rana",3,1,2914,518,"succo, rana","limone, bersaglio",2,"section 2"
227,"sbj_blind_1","verde, posacenere","braccialetto, documento","forchetta, cavolo",3,1,1398,1301,"forchetta, cavolo","verde, posacenere",2,"section 2"
228,"sbj_blind_1","cuscino, mais","cavolo, libreria","fiammifero, menta",2,1,2431,364,"cavolo, libreria","cuscino, mais",2,"section 2"
229,"sbj_blind_1","cavolo, caramella","leone, mappa","﻿anello, mais",3,1,1905,421,"﻿anello, mais","cavolo, caramella",2,"section 2"
230,"sbj_blind_1","menta, eccentrico","blu, rana","portafoglio, menta",2,3,2282,565,"blu, rana","portafoglio, menta",2,"section 2"
231,"sbj_blind_1","piatto, succo","lavagna, cassettiera","piatto, lanterna",2,3,2616,850,"lavagna, cassettiera","piatto, lanterna",2,"section 2"
232,"sbj_blind_1","piatto, bidet","piatto, pomodoro","giallo, soglia",2,1,1225,291,"piatto, pomodoro","piatto, bidet",2,"section 2"
233,"sbj_blind_1","diario, cipolla","piatto, caramella","menta, rana",3,1,2747,855,"menta, rana","diario, cipolla",2,"section 2"
234,"sbj_blind_1","rosa, agenda","candela, coccodrillo","diario, leone",1,3,2388,1150,"rosa, agenda","diario, leone",2,"section 2"
235,"sbj_blind_1","stuzzicadenti, cipolla","bidet, cassettiera","ciotola, libreria",2,1,3559,526,"bidet, cassettiera","stuzzicadenti, cipolla",2,"section 2"
236,"sbj_blind_1","ciotola, caramella","forchetta, soglia","braccialetto, crostino",2,3,2165,248,"forchetta, soglia","braccialetto, crostino",2,"section 2"
237,"sbj_blind_1","rana, crostino","caramella, sega","verde, damigiana",1,3,1904,776,"rana, crostino","verde, damigiana",2,"section 2"
238,"sbj_blind_1","portafoglio, leone","lanterna, autostrada","fiammifero, autorità",2,3,2737,777,"lanterna, autostrada","fiammifero, autorità",3,"section 3"
239,"sbj_blind_1","spinaci, appuntamento","leone, panchina","spremiagrumi, cassettiera",2,1,2979,355,"leone, panchina","spinaci, appuntamento",3,"section 3"
240,"sbj_blind_1","stuzzicadenti, pidocchio","blu, cipolla","spremiagrumi, mappa",2,3,2608,525,"blu, cipolla","spremiagrumi, mappa",3,"section 3"
241,"sbj_blind_1","blu, coccodrillo","cucchiaio, caramella","leone, autostrada",2,3,2305,1018,"cucchiaio, caramella","leone, autostrada",3,"section 3"
242,"sbj_blind_1","candela, cuscino","posacenere, caramella","cavolo, spinaci",3,1,1922,1600,"cavolo, spinaci","candela, cuscino",3,"section 3"
243,"sbj_blind_1","caramella, mappa","coperta, lavagna","verde, cassettiera",3,2,1185,1055,"verde, cassettiera","coperta, lavagna",3,"section 3"
244,"sbj_blind_1","penna, lattuga","ciotola, bersaglio","limone, menta",3,1,2000,1738,"limone, menta","penna, lattuga",3,"section 3"
245,"sbj_blind_1","viola, cavolo","diario, posacenere","portafoglio, autostrada",1,3,810,465,"viola, cavolo","portafoglio, autostrada",3,"section 3"
246,"sbj_blind_1","sole, crostino","candela, eccentrico","﻿anello, spremiagrumi",2,3,1734,250,"candela, eccentrico","﻿anello, spremiagrumi",3,"section 3"
247,"sbj_blind_1","piatto, timone","cucchiaio, cavolo","caramella, documento",2,3,2370,1556,"cucchiaio, cavolo","caramella, documento",3,"section 3"
248,"sbj_blind_1","lavagna, lanterna","cucchiaio, verde","cucchiaio, crostino",3,1,1887,709,"cucchiaio, crostino","lavagna, lanterna",3,"section 3"
249,"sbj_blind_1","blu, posacenere","forchetta, autorità","portafoglio, pidocchio",2,3,2488,314,"forchetta, autorità","portafoglio, pidocchio",3,"section 3"
250,"sbj_blind_1","﻿anello, ciliegio","timone, leone","verde, limone",3,1,2526,1594,"verde, limone","﻿anello, ciliegio",3,"section 3"
251,"sbj_blind_1","mais, sega","﻿anello, pomodoro","lavagna, libreria",3,2,647,1102,"lavagna, libreria","﻿anello, pomodoro",3,"section 3"
252,"sbj_blind_1","equilatero, mappa","spinaci, caramella","blu, caramella",2,1,1124,501,"spinaci, caramella","equilatero, mappa",3,"section 3"
253,"sbj_blind_1","crostino, sega","rana, autorità","pidocchio, autorità",1,3,2821,818,"crostino, sega","pidocchio, autorità",3,"section 3"
254,"sbj_blind_1","cucchiaio, viola","limone, rana","pidocchio, equilibrio",2,3,1159,927,"limone, rana","pidocchio, equilibrio",3,"section 3"
255,"sbj_blind_1","viola, ciliegio","coperta, piatto","timone, cavolo",1,3,2065,572,"viola, ciliegio","timone, cavolo",3,"section 3"
256,"sbj_blind_1","penna, viola","﻿anello, cuscino","﻿anello, lavagna",1,3,2185,554,"penna, viola","﻿anello, lavagna",3,"section 3"
257,"sbj_blind_1","coccodrillo, equilibrio","eccentrico, ciliegio","spremiagrumi, eccentrico",1,2,2261,670,"coccodrillo, equilibrio","eccentrico, ciliegio",3,"section 3"
258,"sbj_blind_1","menta, sega","spinaci, cipolla","sole, damigiana",2,3,2026,813,"spinaci, cipolla","sole, damigiana",3,"section 3"
259,"sbj_blind_1","panchina, bersaglio","cuscino, caramella","coperta, satellite",2,3,2741,520,"cuscino, caramella","coperta, satellite",3,"section 3"
260,"sbj_blind_1","menta, appuntamento","cucchiaio, lanterna","gessetto, timone",1,3,2589,1727,"menta, appuntamento","gessetto, timone",3,"section 3"
261,"sbj_blind_1","limone, cipolla","timone, pidocchio","damigiana, autorità",1,3,1363,671,"limone, cipolla","damigiana, autorità",3,"section 3"
262,"sbj_blind_1","cucchiaio, limone","candela, bersaglio","leone, agenda",1,2,2440,664,"cucchiaio, limone","candela, bersaglio",3,"section 3"
263,"sbj_blind_1","coperta, posacenere","caramella, autostrada","equilatero, autostrada",2,1,2234,283,"caramella, autostrada","coperta, posacenere",3,"section 3"
264,"sbj_blind_1","candela, appuntamento","forchetta, timone","rosa, autostrada",3,1,3123,713,"rosa, autostrada","candela, appuntamento",3,"section 3"
265,"sbj_blind_1","lavagna, equilibrio","portafoglio, damigiana","forchetta, posacenere",2,3,2153,935,"portafoglio, damigiana","forchetta, posacenere",3,"section 3"
266,"sbj_blind_1","ciotola, limone","menta, crostino","portafoglio, documento",3,1,1510,1741,"portafoglio, documento","ciotola, limone",3,"section 3"
267,"sbj_blind_1","limone, damigiana","succo, soglia","posacenere, bidet",1,3,1718,470,"limone, damigiana","posacenere, bidet",3,"section 3"
268,"sbj_blind_1","forchetta, libreria","fiammifero, portafoglio","giallo, damigiana",3,1,898,950,"giallo, damigiana","forchetta, libreria",3,"section 3"
269,"sbj_blind_1","lavagna, ciliegio","sole, libreria","bidet, equilibrio",1,2,4698,1230,"lavagna, ciliegio","sole, libreria",3,"section 3"
270,"sbj_blind_1","timone, crostino","coperta, eccentrico","fiammifero, damigiana",1,3,3460,444,"timone, crostino","fiammifero, damigiana",3,"section 3"
271,"sbj_blind_1","cucchiaio, giallo","rosa, appuntamento","braccialetto, pidocchio",1,3,3669,361,"cucchiaio, giallo","braccialetto, pidocchio",3,"section 3"
272,"sbj_blind_1","cucchiaio, ciliegio","cuscino, satellite","﻿anello, spinaci",2,3,1796,227,"cuscino, satellite","﻿anello, spinaci",3,"section 3"
273,"sbj_blind_1","fiammifero, cassettiera","lattuga, mappa","coperta, equilibrio",2,3,2818,508,"lattuga, mappa","coperta, equilibrio",3,"section 3"
274,"sbj_blind_1","fiammifero, bidet","blu, equilatero","damigiana, bersaglio",2,1,2530,472,"blu, equilatero","fiammifero, bidet",3,"section 3"
275,"sbj_blind_1","mais, panchina","cuscino, soglia","ciotola, fiammifero",3,2,3679,740,"ciotola, fiammifero","cuscino, soglia",3,"section 3"
276,"sbj_blind_1","stuzzicadenti, autostrada","limone, libreria","spremiagrumi, sole",2,3,2679,1069,"limone, libreria","spremiagrumi, sole",3,"section 3"
277,"sbj_blind_1","viola, crostino","﻿anello, candela","lavagna, satellite",2,3,3065,994,"﻿anello, candela","lavagna, satellite",3,"section 3"
278,"sbj_blind_1","timone, autostrada","candela, agenda","timone, menta",2,3,1235,331,"candela, agenda","timone, menta",3,"section 3"
279,"sbj_blind_1","limone, equilatero","succo, mais","succo, damigiana",3,1,818,469,"succo, damigiana","limone, equilatero",3,"section 3"
280,"sbj_blind_1","mais, libreria","equilatero, eccentrico","stuzzicadenti, agenda",2,3,900,603,"equilatero, eccentrico","stuzzicadenti, agenda",3,"section 3"
281,"sbj_blind_1","forchetta, giallo","candela, satellite","piatto, blu",3,2,1876,607,"piatto, blu","candela, satellite",3,"section 3"
282,"sbj_blind_1","spremiagrumi, pomodoro","spremiagrumi, sega","forchetta, coccodrillo",1,3,1584,364,"spremiagrumi, pomodoro","forchetta, coccodrillo",3,"section 3"
283,"sbj_blind_1","rosa, crostino","stuzzicadenti, blu","diario, pomodoro",2,3,1559,1147,"stuzzicadenti, blu","diario, pomodoro",3,"section 3"
284,"sbj_blind_1","cucchiaio, cassettiera","cucchiaio, autorità","fiammifero, limone",1,3,2213,1112,"cucchiaio, cassettiera","fiammifero, limone",3,"section 3"
285,"sbj_blind_1","ciotola, mappa","stuzzicadenti, cassettiera","candela, cassettiera",3,1,2474,558,"candela, cassettiera","ciotola, mappa",3,"section 3"
286,"sbj_blind_1","lattuga, cipolla","diario, cassettiera","verde, equilibrio",1,3,1375,315,"lattuga, cipolla","verde, equilibrio",3,"section 3"
287,"sbj_blind_1","eccentrico, appuntamento","viola, damigiana","lavagna, rana",2,3,1695,744,"viola, damigiana","lavagna, rana",3,"section 3"
288,"sbj_blind_1","leone, cassettiera","posacenere, ciliegio","damigiana, libreria",3,2,4569,817,"damigiana, libreria","posacenere, ciliegio",3,"section 3"
289,"sbj_blind_1","lavagna, caramella","penna, panchina","forchetta, autostrada",2,3,1619,903,"penna, panchina","forchetta, autostrada",3,"section 3"
290,"sbj_blind_1","caramella, equilibrio","gessetto, succo","coperta, portafoglio",2,1,3143,310,"gessetto, succo","caramella, equilibrio",3,"section 3"
291,"sbj_blind_1","penna, autostrada","eccentrico, crostino","fiammifero, cavolo",3,1,4328,312,"fiammifero, cavolo","penna, autostrada",3,"section 3"
292,"sbj_blind_1","forchetta, portafoglio","lavagna, documento","diario, giallo",3,1,1434,782,"diario, giallo","forchetta, portafoglio",3,"section 3"
293,"sbj_blind_1","posacenere, damigiana","leone, satellite","﻿anello, documento",3,2,4843,630,"﻿anello, documento","leone, satellite",3,"section 3"
294,"sbj_blind_1","crostino, soglia","blu, equilibrio","lavagna, timone",1,2,3128,482,"crostino, soglia","blu, equilibrio",3,"section 3"
295,"sbj_blind_1","viola, agenda","caramella, satellite","menta, pidocchio",1,3,3492,891,"viola, agenda","menta, pidocchio",3,"section 3"
296,"sbj_blind_1","agenda, autostrada","stuzzicadenti, menta","coccodrillo, sega",1,3,2340,670,"agenda, autostrada","coccodrillo, sega",3,"section 3"
297,"sbj_blind_1","forchetta, damigiana","cucchiaio, lattuga","lanterna, cassettiera",2,1,1862,1627,"cucchiaio, lattuga","forchetta, damigiana",3,"section 3"
298,"sbj_blind_1","spremiagrumi, ciliegio","braccialetto, forchetta","rosa, autorità",3,3,3166,441,"rosa, autorità","rosa, autorità",3,"section 3"
299,"sbj_blind_1","caramella, appuntamento","lattuga, damigiana","stuzzicadenti, verde",3,1,4801,1135,"stuzzicadenti, verde","caramella, appuntamento",3,"section 3"
300,"sbj_blind_1","lavagna, agenda","piatto, pidocchio","blu, documento",1,2,2149,2092,"lavagna, agenda","piatto, pidocchio",3,"section 3"
301,"sbj_blind_1","spremiagrumi, coccodrillo","rana, caramella","cuscino, autostrada",2,3,2688,611,"rana, caramella","cuscino, autostrada",3,"section 3"
302,"sbj_blind_1","diario, viola","braccialetto, caramella","cucchiaio, eccentrico",1,3,2097,781,"diario, viola","cucchiaio, eccentrico",3,"section 3"
303,"sbj_blind_1","succo, autorità","cavolo, equilatero","blu, bersaglio",3,2,1850,1930,"blu, bersaglio","cavolo, equilatero",3,"section 3"
304,"sbj_blind_1","blu, leone","limone, pomodoro","sole, appuntamento",2,3,1373,826,"limone, pomodoro","sole, appuntamento",3,"section 3"
305,"sbj_blind_1","timone, lattuga","forchetta, pidocchio","cuscino, bersaglio",3,1,3340,420,"cuscino, bersaglio","timone, lattuga",3,"section 3"
306,"sbj_blind_1","giallo, cavolo","candela, damigiana","sole, cassettiera",1,3,631,648,"giallo, cavolo","sole, cassettiera",3,"section 3"
307,"sbj_blind_1","satellite, bersaglio","rana, damigiana","sega, autorità",2,3,3166,290,"rana, damigiana","sega, autorità",3,"section 3"
308,"sbj_blind_1","candela, rosa","lattuga, rana","penna, giallo",1,3,2319,834,"candela, rosa","penna, giallo",3,"section 3"
309,"sbj_blind_1","cavolo, sega","pomodoro, autorità","lanterna, equilibrio",3,2,1666,352,"lanterna, equilibrio","pomodoro, autorità",3,"section 3"
310,"sbj_blind_1","braccialetto, damigiana","damigiana, agenda","﻿anello, equilibrio",3,1,2721,713,"﻿anello, equilibrio","braccialetto, damigiana",3,"section 3"
311,"sbj_blind_1","rana, pidocchio","portafoglio, equilibrio","diario, spremiagrumi",1,3,1533,616,"rana, pidocchio","diario, spremiagrumi",3,"section 3"
312,"sbj_blind_1","blu, pomodoro","pomodoro, mappa","diario, appuntamento",3,1,1250,901,"diario, appuntamento","blu, pomodoro",3,"section 3"
313,"sbj_blind_1","penna, lanterna","bidet, ciliegio","ciotola, pomodoro",3,1,1771,1581,"ciotola, pomodoro","penna, lanterna",3,"section 3"
314,"sbj_blind_1","rana, soglia","stuzzicadenti, succo","cuscino, coccodrillo",3,2,2911,1572,"cuscino, coccodrillo","stuzzicadenti, succo",3,"section 3"
315,"sbj_blind_1","limone, bidet","cavolo, lattuga","candela, giallo",2,1,2001,275,"cavolo, lattuga","limone, bidet",3,"section 3"
316,"sbj_blind_1","limone, equilibrio","eccentrico, sega","braccialetto, verde",3,1,1364,1246,"braccialetto, verde","limone, equilibrio",3,"section 3"
317,"sbj_blind_1","cavolo, posacenere","ciotola, portafoglio","menta, spinaci",3,2,1680,1675,"menta, spinaci","ciotola, portafoglio",3,"section 3"
318,"sbj_blind_1","gessetto, piatto","stuzzicadenti, autorità","piatto, libreria",2,3,2932,356,"stuzzicadenti, autorità","piatto, libreria",3,"section 3"
319,"sbj_blind_1","candela, equilatero","ciotola, cipolla","portafoglio, stuzzicadenti",2,3,1663,514,"ciotola, cipolla","portafoglio, stuzzicadenti",3,"section 3"
320,"sbj_blind_1","forchetta, agenda","﻿anello, panchina","spinaci, documento",2,1,3382,258,"﻿anello, panchina","forchetta, agenda",3,"section 3"
321,"sbj_blind_1","diario, rosa","piatto, eccentrico","coperta, crostino",1,3,2594,1303,"diario, rosa","coperta, crostino",3,"section 3"
322,"sbj_blind_1","braccialetto, timone","gessetto, eccentrico","forchetta, cassettiera",3,1,2350,1055,"forchetta, cassettiera","braccialetto, timone",3,"section 3"
323,"sbj_blind_1","lanterna, satellite","gessetto, appuntamento","diario, agenda",3,1,1896,851,"diario, agenda","lanterna, satellite",3,"section 3"
324,"sbj_blind_1","piatto, portafoglio","coperta, autostrada","limone, soglia",3,2,842,683,"limone, soglia","coperta, autostrada",3,"section 3"
325,"sbj_blind_1","portafoglio, soglia","sole, soglia","ciliegio, equilibrio",2,1,1199,581,"sole, soglia","portafoglio, soglia",3,"section 3"
326,"sbj_blind_1","penna, sega","autostrada, appuntamento","lattuga, pidocchio",2,1,3792,529,"autostrada, appuntamento","penna, sega",3,"section 3"
327,"sbj_blind_1","portafoglio, cipolla","fiammifero, giallo","spremiagrumi, rana",2,3,2752,1022,"fiammifero, giallo","spremiagrumi, rana",3,"section 3"
328,"sbj_blind_1","﻿anello, coccodrillo","cuscino, autorità","equilatero, agenda",3,1,2745,446,"equilatero, agenda","﻿anello, coccodrillo",3,"section 3"
329,"sbj_blind_1","fiammifero, soglia","mais, bersaglio","rosa, posacenere",3,2,1080,800,"rosa, posacenere","mais, bersaglio",3,"section 3"
330,"sbj_blind_1","portafoglio, agenda","penna, autorità","﻿anello, equilatero",1,3,2079,809,"portafoglio, agenda","﻿anello, equilatero",3,"section 3"
331,"sbj_blind_1","spinaci, libreria","lanterna, agenda","ciotola, leone",2,3,2741,432,"lanterna, agenda","ciotola, leone",3,"section 3"
332,"sbj_blind_1","rosa, documento","posacenere, crostino","pomodoro, documento",1,3,3368,354,"rosa, documento","pomodoro, documento",3,"section 3"
333,"sbj_blind_1","lanterna, equilatero","spinaci, mappa","cipolla, appuntamento",1,2,3442,519,"lanterna, equilatero","spinaci, mappa",3,"section 3"
334,"sbj_blind_1","lattuga, lanterna","ciotola, pidocchio","stuzzicadenti, libreria",3,2,2015,902,"stuzzicadenti, libreria","ciotola, pidocchio",3,"section 3"
335,"sbj_blind_1","blu, pidocchio","penna, ciliegio","candela, cucchiaio",3,1,2530,823,"candela, cucchiaio","blu, pidocchio",3,"section 3"
336,"sbj_blind_1","viola, leone","sole, pidocchio","piatto, cipolla",3,2,1510,680,"piatto, cipolla","sole, pidocchio",3,"section 3"
337,"sbj_blind_1","succo, lanterna","lavagna, damigiana","posacenere, autostrada",1,3,5024,492,"succo, lanterna","posacenere, autostrada",3,"section 3"
338,"sbj_blind_1","fiammifero, piatto","sole, bersaglio","penna, spremiagrumi",1,3,4434,437,"fiammifero, piatto","penna, spremiagrumi",3,"section 3"
339,"sbj_blind_1","diario, crostino","lanterna, crostino","pomodoro, lanterna",2,1,5083,293,"lanterna, crostino","diario, crostino",3,"section 3"
340,"sbj_blind_1","cuscino, giallo","fiammifero, libreria","blu, cavolo",2,3,3636,499,"fiammifero, libreria","blu, cavolo",3,"section 3"
341,"sbj_blind_1","cavolo, cipolla","penna, eccentrico","piatto, documento",1,3,1915,404,"cavolo, cipolla","piatto, documento",3,"section 3"
342,"sbj_blind_1","coccodrillo, damigiana","leone, libreria","ciotola, damigiana",3,1,2634,1216,"ciotola, damigiana","coccodrillo, damigiana",3,"section 3"
343,"sbj_blind_1","viola, posacenere","candela, verde","rosa, equilibrio",1,3,2812,680,"viola, posacenere","rosa, equilibrio",3,"section 3"
344,"sbj_blind_1","cuscino, spinaci","spremiagrumi, pidocchio","limone, leone",3,1,2590,1224,"limone, leone","cuscino, spinaci",3,"section 3"
345,"sbj_blind_1","lavagna, mappa","stuzzicadenti, leone","cuscino, cipolla",2,1,2359,630,"stuzzicadenti, leone","lavagna, mappa",3,"section 3"
346,"sbj_blind_1","succo, appuntamento","coperta, caramella","penna, mappa",3,1,1908,1782,"penna, mappa","succo, appuntamento",3,"section 3"
347,"sbj_blind_1","penna, equilatero","coperta, viola","lanterna, bidet",2,3,2983,414,"coperta, viola","lanterna, bidet",3,"section 3"
348,"sbj_blind_1","coperta, menta","rosa, bidet","cucchiaio, appuntamento",2,3,3141,657,"rosa, bidet","cucchiaio, appuntamento",3,"section 3"
349,"sbj_blind_1","spremiagrumi, documento","crostino, libreria","penna, documento",3,1,2908,1443,"penna, documento","spremiagrumi, documento",3,"section 3"
350,"sbj_blind_1","caramella, ciliegio","ciotola, rana","portafoglio, crostino",1,3,2817,804,"caramella, ciliegio","portafoglio, crostino",3,"section 3"
351,"sbj_blind_1","verde, crostino","panchina, soglia","braccialetto, diario",3,2,2071,751,"braccialetto, diario","panchina, soglia",3,"section 3"
352,"sbj_blind_1","sega, ciliegio","ciotola, cavolo","crostino, autorità",2,3,1216,740,"ciotola, cavolo","crostino, autorità",3,"section 3"
353,"sbj_blind_1","cavolo, cassettiera","cavolo, documento","spremiagrumi, lattuga",3,2,4736,578,"spremiagrumi, lattuga","cavolo, documento",3,"section 3"
354,"sbj_blind_1","portafoglio, autorità","penna, bidet","viola, bidet",2,3,3823,1295,"penna, bidet","viola, bidet",3,"section 3"
355,"sbj_blind_1","﻿anello, cucchiaio","leone, crostino","mais, autostrada",1,3,3827,494,"﻿anello, cucchiaio","mais, autostrada",3,"section 3"
356,"sbj_blind_1","cucchiaio, coccodrillo","stuzzicadenti, coccodrillo","pomodoro, coccodrillo",1,3,1785,433,"cucchiaio, coccodrillo","pomodoro, coccodrillo",4,"section 4"
357,"sbj_blind_1","cuscino, pidocchio","candela, ciotola","gessetto, mappa",3,2,1014,585,"gessetto, mappa","candela, ciotola",4,"section 4"
358,"sbj_blind_1","blu, agenda","gessetto, lattuga","menta, autostrada",2,1,2526,377,"gessetto, lattuga","blu, agenda",4,"section 4"
359,"sbj_blind_1","diario, portafoglio","lavagna, equilatero","cavolo, leone",1,3,4779,546,"diario, portafoglio","cavolo, leone",4,"section 4"
360,"sbj_blind_1","lattuga, autostrada","coperta, spinaci","fiammifero, gessetto",1,3,2412,741,"lattuga, autostrada","fiammifero, gessetto",4,"section 4"
361,"sbj_blind_1","ciliegio, bersaglio","coperta, lanterna","candela, lanterna",3,1,1938,1251,"candela, lanterna","ciliegio, bersaglio",4,"section 4"
362,"sbj_blind_1","giallo, pomodoro","gessetto, autorità","mais, posacenere",2,3,3387,784,"gessetto, autorità","mais, posacenere",4,"section 4"
363,"sbj_blind_1","posacenere, satellite","coccodrillo, bersaglio","viola, coccodrillo",3,1,1502,309,"viola, coccodrillo","posacenere, satellite",4,"section 4"
364,"sbj_blind_1","giallo, autostrada","cucchiaio, damigiana","giallo, satellite",3,2,2295,806,"giallo, satellite","cucchiaio, damigiana",4,"section 4"
365,"sbj_blind_1","diario, rana","candela, piatto","forchetta, equilatero",1,3,3224,526,"diario, rana","forchetta, equilatero",4,"section 4"
366,"sbj_blind_1","limone, cassettiera","spremiagrumi, caramella","leone, posacenere",2,1,2198,249,"spremiagrumi, caramella","limone, cassettiera",4,"section 4"
367,"sbj_blind_1","sole, eccentrico","sole, satellite","spremiagrumi, soglia",2,3,1819,871,"sole, satellite","spremiagrumi, soglia",4,"section 4"
368,"sbj_blind_1","cipolla, rana","cipolla, posacenere","stuzzicadenti, lattuga",1,3,1145,369,"cipolla, rana","stuzzicadenti, lattuga",4,"section 4"
369,"sbj_blind_1","coccodrillo, ciliegio","stuzzicadenti, posacenere","cavolo, panchina",1,3,1883,846,"coccodrillo, ciliegio","cavolo, panchina",4,"section 4"
370,"sbj_blind_1","fiammifero, agenda","blu, cassettiera","rosa, coccodrillo",2,3,2811,572,"blu, cassettiera","rosa, coccodrillo",4,"section 4"
371,"sbj_blind_1","cuscino, agenda","ciotola, menta","portafoglio, blu",3,1,1238,342,"portafoglio, blu","cuscino, agenda",4,"section 4"
372,"sbj_blind_1","sole, caramella","giallo, sega","bersaglio, autorità",2,3,2022,465,"giallo, sega","bersaglio, autorità",4,"section 4"
373,"sbj_blind_1","menta, cipolla","equilatero, panchina","lattuga, spinaci",3,2,687,619,"lattuga, spinaci","equilatero, panchina",4,"section 4"
374,"sbj_blind_1","equilatero, autorità","coperta, blu","verde, menta",3,1,4379,450,"verde, menta","equilatero, autorità",4,"section 4"
375,"sbj_blind_1","cavolo, coccodrillo","posacenere, autorità","crostino, mappa",1,3,2039,804,"cavolo, coccodrillo","crostino, mappa",4,"section 4"
376,"sbj_blind_1","portafoglio, rosa","ciotola, bidet","spinaci, sega",1,2,1953,732,"portafoglio, rosa","ciotola, bidet",4,"section 4"
377,"sbj_blind_1","diario, fiammifero","fiammifero, forchetta","portafoglio, mais",2,3,1961,649,"fiammifero, forchetta","portafoglio, mais",4,"section 4"
378,"sbj_blind_1","giallo, crostino","cuscino, mappa","spinaci, pomodoro",3,1,1204,848,"spinaci, pomodoro","giallo, crostino",4,"section 4"
379,"sbj_blind_1","timone, viola","limone, crostino","forchetta, mappa",2,3,1348,269,"limone, crostino","forchetta, mappa",4,"section 4"
380,"sbj_blind_1","braccialetto, rana","cucchiaio, timone","soglia, appuntamento",1,3,2750,460,"braccialetto, rana","soglia, appuntamento",4,"section 4"
381,"sbj_blind_1","verde, autostrada","viola, equilatero","succo, mappa",2,3,2077,355,"viola, equilatero","succo, mappa",4,"section 4"
382,"sbj_blind_1","coperta, stuzzicadenti","succo, cavolo","soglia, cassettiera",2,1,1269,312,"succo, cavolo","coperta, stuzzicadenti",4,"section 4"
383,"sbj_blind_1","verde, sega","cuscino, verde","diario, penna",3,1,1079,354,"diario, penna","verde, sega",4,"section 4"
384,"sbj_blind_1","crostino, autostrada","candela, portafoglio","﻿anello, crostino",2,1,3659,295,"candela, portafoglio","crostino, autostrada",4,"section 4"
385,"sbj_blind_1","panchina, documento","lavagna, autostrada","pidocchio, mappa",2,3,2821,257,"lavagna, autostrada","pidocchio, mappa",4,"section 4"
386,"sbj_blind_1","mappa, satellite","viola, spremiagrumi","lavagna, blu",3,2,3263,1246,"lavagna, blu","viola, spremiagrumi",4,"section 4"
387,"sbj_blind_1","portafoglio, eccentrico","succo, menta","succo, posacenere",2,3,2639,1289,"succo, menta","succo, posacenere",4,"section 4"
388,"sbj_blind_1","lattuga, appuntamento","forchetta, lavagna","verde, bidet",3,1,1003,653,"verde, bidet","lattuga, appuntamento",4,"section 4"
389,"sbj_blind_1","sole, spinaci","mais, damigiana","bidet, agenda",1,3,2323,706,"sole, spinaci","bidet, agenda",4,"section 4"
390,"sbj_blind_1","succo, lattuga","stuzzicadenti, caramella","forchetta, equilibrio",1,3,1424,732,"succo, lattuga","forchetta, equilibrio",4,"section 4"
391,"sbj_blind_1","diario, lavagna","viola, panchina","timone, mais",1,3,930,1188,"diario, lavagna","timone, mais",4,"section 4"
392,"sbj_blind_1","candela, blu","cuscino, panchina","portafoglio, viola",1,2,1695,499,"candela, blu","cuscino, panchina",4,"section 4"
393,"sbj_blind_1","lanterna, pidocchio","spremiagrumi, spinaci","diario, documento",3,1,1089,685,"diario, documento","lanterna, pidocchio",4,"section 4"
394,"sbj_blind_1","cucchiaio, rana","posacenere, libreria","verde, spinaci",3,1,1465,401,"verde, spinaci","cucchiaio, rana",4,"section 4"
395,"sbj_blind_1","crostino, documento","portafoglio, verde","ciotola, cassettiera",2,1,2132,427,"portafoglio, verde","crostino, documento",4,"section 4"
396,"sbj_blind_1","ciotola, autorità","panchina, cassettiera","fiammifero, sole",2,3,1412,356,"panchina, cassettiera","fiammifero, sole",4,"section 4"
397,"sbj_blind_1","piatto, mappa","penna, caramella","leone, lanterna",3,1,4569,414,"leone, lanterna","piatto, mappa",4,"section 4"
398,"sbj_blind_1","equilibrio, appuntamento","mais, documento","rana, equilatero",1,3,2579,282,"equilibrio, appuntamento","rana, equilatero",4,"section 4"
399,"sbj_blind_1","candela, penna","cipolla, satellite","leone, sega",3,1,1348,166,"leone, sega","candela, penna",4,"section 4"
400,"sbj_blind_1","coccodrillo, soglia","gessetto, ciliegio","satellite, equilibrio",3,1,2023,801,"satellite, equilibrio","coccodrillo, soglia",4,"section 4"
401,"sbj_blind_1","giallo, mappa","crostino, cassettiera","coccodrillo, libreria",1,3,1558,606,"giallo, mappa","coccodrillo, libreria",4,"section 4"
402,"sbj_blind_1","gessetto, cavolo","libreria, soglia","﻿anello, rana",1,3,4753,291,"gessetto, cavolo","﻿anello, rana",4,"section 4"
403,"sbj_blind_1","diario, autostrada","cucchiaio, mais","equilatero, sega",2,3,925,351,"cucchiaio, mais","equilatero, sega",4,"section 4"
404,"sbj_blind_1","fiammifero, autostrada","diario, succo","rana, satellite",3,1,3383,164,"rana, satellite","fiammifero, autostrada",4,"section 4"
405,"sbj_blind_1","cuscino, documento","bersaglio, soglia","portafoglio, timone",2,3,3364,167,"bersaglio, soglia","portafoglio, timone",4,"section 4"
406,"sbj_blind_1","bidet, autorità","fiammifero, blu","cavolo, soglia",3,1,805,603,"cavolo, soglia","bidet, autorità",4,"section 4"
407,"sbj_blind_1","lanterna, sega","leone, caramella","cucchiaio, stuzzicadenti",2,3,3322,326,"leone, caramella","cucchiaio, stuzzicadenti",4,"section 4"
408,"sbj_blind_1","eccentrico, satellite","giallo, libreria","penna, libreria",3,1,543,361,"penna, libreria","eccentrico, satellite",4,"section 4"
409,"sbj_blind_1","succo, documento","cipolla, mappa","leone, soglia",2,1,4745,336,"cipolla, mappa","succo, documento",4,"section 4"
410,"sbj_blind_1","cuscino, stuzzicadenti","cavolo, autorità","timone, limone",1,3,3044,188,"cuscino, stuzzicadenti","timone, limone",4,"section 4"
411,"sbj_blind_1","leone, damigiana","penna, leone","ciotola, ciliegio",3,2,1545,1115,"ciotola, ciliegio","penna, leone",4,"section 4"
412,"sbj_blind_1","bidet, pidocchio","forchetta, spremiagrumi","timone, equilatero",2,3,1592,1141,"forchetta, spremiagrumi","timone, equilatero",4,"section 4"
413,"sbj_blind_1","ciotola, lanterna","braccialetto, appuntamento","rosa, equilatero",2,1,3463,203,"braccialetto, appuntamento","ciotola, lanterna",4,"section 4"
414,"sbj_blind_1","candela, posacenere","lavagna, limone","lavagna, spinaci",2,3,2874,810,"lavagna, limone","lavagna, spinaci",4,"section 4"
415,"sbj_blind_1","verde, pomodoro","braccialetto, leone","lattuga, leone",1,3,1993,542,"verde, pomodoro","lattuga, leone",4,"section 4"
416,"sbj_blind_1","cuscino, viola","pidocchio, agenda","candela, pidocchio",1,2,782,463,"cuscino, viola","pidocchio, agenda",4,"section 4"
417,"sbj_blind_1","giallo, cipolla","menta, coccodrillo","cuscino, appuntamento",1,3,2172,404,"giallo, cipolla","cuscino, appuntamento",4,"section 4"
418,"sbj_blind_1","satellite, libreria","pidocchio, ciliegio","piatto, verde",3,1,865,396,"piatto, verde","satellite, libreria",4,"section 4"
419,"sbj_blind_1","penna, crostino","sole, leone","fiammifero, panchina",2,3,1101,1422,"sole, leone","fiammifero, panchina",4,"section 4"
420,"sbj_blind_1","candela, spinaci","ciotola, lavagna","cucchiaio, soglia",3,1,4026,234,"cucchiaio, soglia","candela, spinaci",4,"section 4"
421,"sbj_blind_1","coperta, bidet","bidet, soglia","coccodrillo, appuntamento",2,1,1202,185,"bidet, soglia","coperta, bidet",4,"section 4"
422,"sbj_blind_1","cuscino, fiammifero","giallo, caramella","damigiana, mappa",2,3,1225,397,"giallo, caramella","damigiana, mappa",4,"section 4"
423,"sbj_blind_1","diario, mais","﻿anello, soglia","autorità, soglia",1,3,3556,250,"diario, mais","autorità, soglia",4,"section 4"
424,"sbj_blind_1","rosa, caramella","cipolla, panchina","coperta, fiammifero",1,3,795,319,"rosa, caramella","coperta, fiammifero",4,"section 4"
425,"sbj_blind_1","diario, limone","forchetta, viola","diario, libreria",3,1,525,452,"diario, libreria","diario, limone",4,"section 4"
426,"sbj_blind_1","cuscino, spremiagrumi","coccodrillo, agenda","succo, equilatero",2,1,3059,412,"coccodrillo, agenda","cuscino, spremiagrumi",4,"section 4"
427,"sbj_blind_1","caramella, libreria","mappa, agenda","penna, stuzzicadenti",3,2,341,2824,"penna, stuzzicadenti","mappa, agenda",4,"section 4"
428,"sbj_blind_1","coperta, cavolo","crostino, satellite","ciotola, documento",1,3,5298,576,"coperta, cavolo","ciotola, documento",4,"section 4"
429,"sbj_blind_1","mais, leone","cuscino, lanterna","braccialetto, libreria",1,3,959,465,"mais, leone","braccialetto, libreria",4,"section 4"
430,"sbj_blind_1","penna, portafoglio","gessetto, rana","mais, crostino",3,1,1361,604,"mais, crostino","penna, portafoglio",4,"section 4"
431,"sbj_blind_1","verde, autorità","spinaci, cassettiera","cipolla, damigiana",3,2,1259,796,"cipolla, damigiana","spinaci, cassettiera",4,"section 4"
432,"sbj_blind_1","equilatero, bersaglio","verde, eccentrico","ciliegio, cassettiera",2,3,2972,293,"verde, eccentrico","ciliegio, cassettiera",4,"section 4"
433,"sbj_blind_1","candela, cipolla","braccialetto, bersaglio","rana, libreria",1,3,2342,284,"candela, cipolla","rana, libreria",4,"section 4"
434,"sbj_blind_1","ciotola, agenda","ciotola, equilatero","piatto, soglia",3,1,622,342,"piatto, soglia","ciotola, agenda",4,"section 4"
435,"sbj_blind_1","coccodrillo, lanterna","pidocchio, sega","damigiana, autostrada",2,3,1960,514,"pidocchio, sega","damigiana, autostrada",4,"section 4"
436,"sbj_blind_1","piatto, posacenere","libreria, bersaglio","coperta, agenda",1,3,811,233,"piatto, posacenere","coperta, agenda",4,"section 4"
437,"sbj_blind_1","﻿anello, bersaglio","pidocchio, soglia","candela, fiammifero",3,1,445,271,"candela, fiammifero","﻿anello, bersaglio",4,"section 4"
438,"sbj_blind_1","portafoglio, equilatero","gessetto, stuzzicadenti","limone, appuntamento",1,3,2263,274,"portafoglio, equilatero","limone, appuntamento",4,"section 4"
439,"sbj_blind_1","eccentrico, autorità","cucchiaio, rosa","sole, menta",3,1,476,477,"sole, menta","eccentrico, autorità",4,"section 4"
440,"sbj_blind_1","forchetta, ciliegio","sole, lanterna","﻿anello, sole",3,1,1973,285,"﻿anello, sole","forchetta, ciliegio",4,"section 4"
441,"sbj_blind_1","rosa, cassettiera","candela, crostino","fiammifero, posacenere",3,2,1117,602,"fiammifero, posacenere","candela, crostino",4,"section 4"
442,"sbj_blind_1","penna, rosa","posacenere, soglia","﻿anello, ciotola",3,1,1709,1164,"﻿anello, ciotola","penna, rosa",4,"section 4"
443,"sbj_blind_1","stuzzicadenti, bersaglio","rana, mappa","menta, ciliegio",3,2,793,687,"menta, ciliegio","rana, mappa",4,"section 4"
444,"sbj_blind_1","diario, blu","diario, caramella","fiammifero, crostino",1,3,1734,759,"diario, blu","fiammifero, crostino",4,"section 4"
445,"sbj_blind_1","succo, crostino","pomodoro, equilibrio","documento, autostrada",2,1,3175,307,"pomodoro, equilibrio","succo, crostino",4,"section 4"
446,"sbj_blind_1","limone, agenda","panchina, equilibrio","diario, stuzzicadenti",2,3,2956,259,"panchina, equilibrio","diario, stuzzicadenti",4,"section 4"
447,"sbj_blind_1","lattuga, satellite","spinaci, mais","cipolla, agenda",2,3,706,725,"spinaci, mais","cipolla, agenda",4,"section 4"
448,"sbj_blind_1","equilatero, libreria","ciotola, satellite","cavolo, eccentrico",2,1,2105,222,"ciotola, satellite","equilatero, libreria",4,"section 4"
449,"sbj_blind_1","mais, pidocchio","cuscino, lavagna","crostino, appuntamento",1,3,640,269,"mais, pidocchio","crostino, appuntamento",4,"section 4"
450,"sbj_blind_1","blu, eccentrico","penna, satellite","fiammifero, bersaglio",2,1,1936,325,"penna, satellite","blu, eccentrico",4,"section 4"
451,"sbj_blind_1","pomodoro, autostrada","diario, bidet","coperta, sega",3,2,2509,203,"coperta, sega","diario, bidet",4,"section 4"
452,"sbj_blind_1","diario, lattuga","equilatero, soglia","verde, panchina",3,1,456,479,"verde, panchina","diario, lattuga",4,"section 4"
453,"sbj_blind_1","coperta, cipolla","giallo, bersaglio","mais, autorità",2,3,546,283,"giallo, bersaglio","mais, autorità",4,"section 4"
454,"sbj_blind_1","menta, soglia","penna, soglia","cucchiaio, pomodoro",3,1,2807,2222,"cucchiaio, pomodoro","menta, soglia",4,"section 4"
455,"sbj_blind_1","diario, verde","braccialetto, penna","cucchiaio, gessetto",1,3,1509,335,"diario, verde","cucchiaio, gessetto",4,"section 4"
456,"sbj_blind_1","cuscino, limone","candela, bidet","forchetta, mais",3,2,1760,860,"forchetta, mais","candela, bidet",4,"section 4"
457,"sbj_blind_1","cuscino, cassettiera","succo, leone","sole, cavolo",1,3,1662,398,"cuscino, cassettiera","sole, cavolo",4,"section 4"
458,"sbj_blind_1","pomodoro, pidocchio","sole, rana","spinaci, leone",1,3,2675,230,"pomodoro, pidocchio","spinaci, leone",4,"section 4"
459,"sbj_blind_1","penna, menta","posacenere, agenda","piatto, rosa",3,1,820,382,"piatto, rosa","penna, menta",4,"section 4"
460,"sbj_blind_1","lavagna, bersaglio","bidet, damigiana","succo, cipolla",3,1,2188,1008,"succo, cipolla","lavagna, bersaglio",4,"section 4"
461,"sbj_blind_1","blu, autorità","gessetto, spremiagrumi","portafoglio, panchina",3,1,359,197,"portafoglio, panchina","blu, autorità",4,"section 4"
462,"sbj_blind_1","viola, libreria","cucchiaio, penna","spremiagrumi, bidet",1,3,794,815,"viola, libreria","spremiagrumi, bidet",4,"section 4"
463,"sbj_blind_1","fiammifero, eccentrico","pomodoro, crostino","mais, eccentrico",2,3,617,284,"pomodoro, crostino","mais, eccentrico",4,"section 4"
464,"sbj_blind_1","penna, damigiana","coperta, coccodrillo","giallo, eccentrico",1,3,2256,301,"penna, damigiana","giallo, eccentrico",4,"section 4"
465,"sbj_blind_1","lavagna, viola","cassettiera, appuntamento","spremiagrumi, menta",2,1,3036,510,"cassettiera, appuntamento","lavagna, viola",4,"section 4"
466,"sbj_blind_1","braccialetto, posacenere","diario, lanterna","forchetta, lanterna",3,1,525,354,"forchetta, lanterna","braccialetto, posacenere",4,"section 4"
467,"sbj_blind_1","spremiagrumi, appuntamento","penna, sole","pomodoro, bersaglio",1,3,2017,318,"spremiagrumi, appuntamento","pomodoro, bersaglio",4,"section 4"
468,"sbj_blind_1","panchina, mappa","satellite, agenda","lattuga, eccentrico",2,1,1427,283,"satellite, agenda","panchina, mappa",4,"section 4"
469,"sbj_blind_1","lavagna, stuzzicadenti","blu, spremiagrumi","rosa, lanterna",3,1,1106,473,"rosa, lanterna","lavagna, stuzzicadenti",4,"section 4"
470,"sbj_blind_1","gessetto, menta","gessetto, equilibrio","cucchiaio, satellite",2,3,1291,212,"gessetto, equilibrio","cucchiaio, satellite",4,"section 4"
471,"sbj_blind_1","rosa, cipolla","penna, timone","﻿anello, satellite",2,1,2872,547,"penna, timone","rosa, cipolla",4,"section 4"
472,"sbj_blind_1","viola, appuntamento","candela, limone","penna, rana",2,3,1559,305,"candela, limone","penna, rana",4,"section 4"
